{
  "api:qwen": {
    "n_runs": 6,
    "n_jokes": 155,
    "sampling_diversity": {
      "distinct_1": 0.2508872508872509,
      "distinct_2": 0.6071835803876853,
      "mean_pairwise_trigram_jaccard": 0.02032213246218963,
      "n_texts": 155.0
    },
    "path_divergence": {
      "set_jaccard": 0.22019789556843558,
      "prefix_depth": 1.4,
      "norm_edit_distance": 0.8644444444444445,
      "n_pairs": 15.0
    }
  }
}