{
  "api:deepseek": {
    "n_runs": 6,
    "n_jokes": 180,
    "sampling_diversity": {
      "distinct_1": 0.12603364699173084,
      "distinct_2": 0.398595258999122,
      "mean_pairwise_trigram_jaccard": 0.018701125543935562,
      "n_texts": 180.0
    },
    "path_divergence": {
      "set_jaccard": 0.22856544540114515,
      "prefix_depth": 0.13333333333333333,
      "norm_edit_distance": 0.8933333333333334,
      "n_pairs": 15.0
    }
  }
}