{
  "experiment": "banter-judge-validation",
  "run_stamp": "20260717T013148",
  "judge_prompt_version": "v1",
  "judge": "claude:haiku",
  "repeats": 3,
  "n_items": 30,
  "n_by_class": {
    "contextual": 10,
    "generic_responsive": 10,
    "canned": 10
  },
  "wall_seconds": 1612.5,
  "per_class": {
    "contextual": {
      "n_items": 10,
      "n_scored": 10,
      "mean_delta": 6.066666666666666,
      "stdev_delta": 0.6440611887195306,
      "min_delta": 5.0,
      "max_delta": 7.333333333333333
    },
    "generic_responsive": {
      "n_items": 10,
      "n_scored": 10,
      "mean_delta": 4.0,
      "stdev_delta": 1.3052600138300812,
      "min_delta": 2.3333333333333335,
      "max_delta": 6.0
    },
    "canned": {
      "n_items": 10,
      "n_scored": 10,
      "mean_delta": -0.1,
      "stdev_delta": 0.5676462121975466,
      "min_delta": -1.0,
      "max_delta": 0.6666666666666666
    }
  },
  "separation_contextual_minus_canned": 6.166666666666666,
  "separation_contextual_minus_generic_responsive": 2.0666666666666664,
  "repeat_delta_stdev_mean": 0.6795,
  "n_unparseable_repeats": 0,
  "keyword_echo_check": {
    "overall_pearson_r": 0.7375841743507202,
    "generic_responsive_pearson_r": 0.22369262201480186,
    "generic_responsive_low_overlap_mean_delta": 3.8,
    "generic_responsive_high_overlap_mean_delta": 4.2,
    "risk_detected": false,
    "threshold": 0.5,
    "n_generic_responsive_scored": 10
  },
  "item_mean_deltas": {
    "ctx-priya": 6.666666666666667,
    "gen-package": 4.666666666666667,
    "can-printer": -1.0,
    "ctx-tomatoplants": 6.0,
    "gen-dentist": 5.333333333333333,
    "can-autocorrect": -0.3333333333333333,
    "ctx-fenwick": 5.0,
    "gen-artclass": 4.666666666666667,
    "can-windchimes": -0.3333333333333333,
    "ctx-tofuturkey": 6.333333333333333,
    "gen-wifi": 3.0,
    "can-laundromat": 0.6666666666666666,
    "ctx-bramwell": 6.0,
    "gen-catvase": 6.0,
    "can-karaoke": -0.3333333333333333,
    "ctx-landlordinvoice": 5.666666666666667,
    "gen-carcold": 2.3333333333333335,
    "can-stapler": -0.6666666666666666,
    "ctx-gymqr": 7.333333333333333,
    "gen-grocery": 2.3333333333333335,
    "can-houseplants": -0.3333333333333333,
    "ctx-davefish": 5.666666666666667,
    "gen-elevator": 3.6666666666666665,
    "can-volcano": 0.3333333333333333,
    "ctx-carlflight": 6.333333333333333,
    "gen-couch": 5.0,
    "can-bikeflat": 0.3333333333333333,
    "ctx-parkingmeter": 5.666666666666667,
    "gen-bookclub": 3.0,
    "can-potluck": 0.6666666666666666
  },
  "item_keyword_overlap": {
    "ctx-priya": 0.1111,
    "gen-package": 0.0,
    "can-printer": 0.0,
    "ctx-tomatoplants": 0.0909,
    "gen-dentist": 0.0909,
    "can-autocorrect": 0.0,
    "ctx-fenwick": 0.0714,
    "gen-artclass": 0.0909,
    "can-windchimes": 0.0,
    "ctx-tofuturkey": 0.1034,
    "gen-wifi": 0.04,
    "can-laundromat": 0.0,
    "ctx-bramwell": 0.1613,
    "gen-catvase": 0.0,
    "can-karaoke": 0.0,
    "ctx-landlordinvoice": 0.16,
    "gen-carcold": 0.0,
    "can-stapler": 0.0,
    "ctx-gymqr": 0.08,
    "gen-grocery": 0.05,
    "can-houseplants": 0.0,
    "ctx-davefish": 0.05,
    "gen-elevator": 0.0476,
    "can-volcano": 0.0417,
    "ctx-carlflight": 0.0833,
    "gen-couch": 0.0526,
    "can-bikeflat": 0.0,
    "ctx-parkingmeter": 0.1538,
    "gen-bookclub": 0.0,
    "can-potluck": 0.0
  }
}