{
  "api:deepseek": {
    "n_runs": 6,
    "n_jokes": 180,
    "sampling_diversity": {
      "distinct_1": 0.1847321005215742,
      "distinct_2": 0.6576941630487216,
      "mean_pairwise_trigram_jaccard": 0.0017111514989765217,
      "n_texts": 180.0
    },
    "path_divergence": {
      "set_jaccard": 0.1520107603404318,
      "prefix_depth": 0.0,
      "norm_edit_distance": 0.8333333333333335,
      "n_pairs": 15.0
    }
  }
}