{
  "api:qwen": {
    "n_runs": 6,
    "n_jokes": 149,
    "sampling_diversity": {
      "distinct_1": 0.21474487746082765,
      "distinct_2": 0.6007454959618969,
      "mean_pairwise_trigram_jaccard": 0.022273691757224982,
      "n_texts": 149.0
    },
    "path_divergence": {
      "set_jaccard": 0.18276180639434494,
      "prefix_depth": 1.3333333333333333,
      "norm_edit_distance": 0.8533333333333334,
      "n_pairs": 15.0
    }
  }
}